{
  "accuracy": 0.9706269991707144,
  "precision": 0.9496695906432748,
  "recall": 0.8516233766233766,
  "f1": 0.896527223585476,
  "auc": 0.9927353829610219,
  "feature_importances": {
    "Like_Rate": 0.06064043439033427,
    "Comment_Rate": 0.06345576472280136,
    "Share_Rate": 0.11254133102822432,
    "Save_Rate": 0.058261158936073816,
    "Positive_Score": 0.01660021599845866,
    "Views_Per_Hour": 0.6885010949241074
  },
  "samples": 1838,
  "positive_ratio": 0.1501632208922742,
  "threshold_viral_velocity": 27902.030000000002,
  "trained_at": "2026-05-12T17:56:18.415630",
  "model_file": "rf_model.joblib"
}