{
  "accuracy": 0.9592696254831401,
  "precision": 0.9100109609061017,
  "recall": 0.8251461988304094,
  "f1": 0.8600396825396824,
  "auc": 0.9863236617183986,
  "feature_importances": {
    "Like_Rate": 0.0813514057870588,
    "Comment_Rate": 0.06418794213917825,
    "Share_Rate": 0.14278581997706774,
    "Save_Rate": 0.053600448801269386,
    "Positive_Score": 0.0,
    "Views_Per_Hour": 0.6580743832954259
  },
  "samples": 614,
  "positive_ratio": 0.1498371335504886,
  "threshold_viral_velocity": 10717.244999999988,
  "trained_at": "2026-06-22T20:01:52.533763",
  "model_file": "rf_model.joblib"
}