{
  "accuracy": 0.9605536332179933,
  "precision": 0.9214547014547015,
  "recall": 0.8113107822410146,
  "f1": 0.8615824135703655,
  "auc": 0.992648071346313,
  "feature_importances": {
    "Like_Rate": 0.11732510819873146,
    "Comment_Rate": 0.051290747617957454,
    "Share_Rate": 0.09764275865569169,
    "Save_Rate": 0.048191819363077114,
    "Positive_Score": 0.013344341314652624,
    "Views_Per_Hour": 0.6722052248498898
  },
  "samples": 1445,
  "positive_ratio": 0.15017301038062283,
  "threshold_viral_velocity": 13695.179999999988,
  "trained_at": "2026-05-24T17:56:48.045084",
  "model_file": "rf_model.joblib"
}