{
  "accuracy": 0.9648788198103266,
  "precision": 0.9349348972540461,
  "recall": 0.8249158249158249,
  "f1": 0.8759514123406372,
  "auc": 0.9931066695770735,
  "feature_importances": {
    "Like_Rate": 0.10982057693857598,
    "Comment_Rate": 0.053484077177291846,
    "Share_Rate": 0.12059811268011769,
    "Save_Rate": 0.05559390328563138,
    "Positive_Score": 0.014677463432375864,
    "Views_Per_Hour": 0.6458258664860074
  },
  "samples": 1822,
  "positive_ratio": 0.150384193194292,
  "threshold_viral_velocity": 11077.30999999999,
  "trained_at": "2026-05-25T18:24:45.022669",
  "model_file": "rf_model.joblib"
}