{
  "accuracy": 0.9792207792207792,
  "precision": 0.9549473320983619,
  "recall": 0.904440333024977,
  "f1": 0.9276603792850933,
  "auc": 0.9956175220277901,
  "feature_importances": {
    "Like_Rate": 0.07097484143249304,
    "Comment_Rate": 0.049571145595606506,
    "Share_Rate": 0.0933775295208502,
    "Save_Rate": 0.06481546141312766,
    "Positive_Score": 0.011191716706623497,
    "Views_Per_Hour": 0.7100693053312991
  },
  "samples": 1540,
  "positive_ratio": 0.15,
  "threshold_viral_velocity": 32513.099999999977,
  "trained_at": "2026-05-16T17:54:23.379166",
  "model_file": "rf_model.joblib"
}