{
  "accuracy": 0.9668666468666467,
  "precision": 0.9237867546691076,
  "recall": 0.8512820512820513,
  "f1": 0.8850605796034505,
  "auc": 0.9899879230874704,
  "feature_importances": {
    "Like_Rate": 0.08844043202999709,
    "Comment_Rate": 0.05623694325903041,
    "Share_Rate": 0.1327706032543171,
    "Save_Rate": 0.050505856993995575,
    "Positive_Score": 0.0,
    "Views_Per_Hour": 0.6720461644626597
  },
  "samples": 1298,
  "positive_ratio": 0.150231124807396,
  "threshold_viral_velocity": 11379.30000000001,
  "trained_at": "2026-06-16T20:12:36.844419",
  "model_file": "rf_model.joblib"
}