{
  "accuracy": 0.9677539396240744,
  "precision": 0.924626890345581,
  "recall": 0.8549579831932773,
  "f1": 0.8881954052773707,
  "auc": 0.9882714932126697,
  "feature_importances": {
    "Like_Rate": 0.09398927908742498,
    "Comment_Rate": 0.04870749560309841,
    "Share_Rate": 0.0812204536885666,
    "Save_Rate": 0.04771805410960655,
    "Positive_Score": 0.018309628079993596,
    "Views_Per_Hour": 0.7100550894313099
  },
  "samples": 1148,
  "positive_ratio": 0.15069686411149827,
  "threshold_viral_velocity": 15386.059999999994,
  "trained_at": "2026-05-23T17:58:51.764040",
  "model_file": "rf_model.joblib"
}