{
  "accuracy": 0.9736890489859478,
  "precision": 0.9475692736575839,
  "recall": 0.8734693877551021,
  "f1": 0.9084328729625483,
  "auc": 0.9925755586498163,
  "feature_importances": {
    "Like_Rate": 0.06632786062244717,
    "Comment_Rate": 0.056523859589428765,
    "Share_Rate": 0.10338807767178393,
    "Save_Rate": 0.06596419614998178,
    "Positive_Score": 0.011545183733399517,
    "Views_Per_Hour": 0.6962508222329589
  },
  "samples": 1634,
  "positive_ratio": 0.1499388004895961,
  "threshold_viral_velocity": 32678.139999999985,
  "trained_at": "2026-05-15T18:20:44.348929",
  "model_file": "rf_model.joblib"
}