{
  "accuracy": 0.9739921720872108,
  "precision": 0.9466198735518375,
  "recall": 0.876470588235294,
  "f1": 0.9098891240937361,
  "auc": 0.9952627302598627,
  "feature_importances": {
    "Like_Rate": 0.07528273315184962,
    "Comment_Rate": 0.0445192313094194,
    "Share_Rate": 0.12711932071493806,
    "Save_Rate": 0.04554365153636709,
    "Positive_Score": 0.0049722465250582465,
    "Views_Per_Hour": 0.7025628167623676
  },
  "samples": 2807,
  "positive_ratio": 0.14998218738867117,
  "threshold_viral_velocity": 9771.380999999998,
  "trained_at": "2026-06-01T20:54:05.785685",
  "model_file": "rf_model.joblib"
}