{
  "accuracy": 0.9691460055096419,
  "precision": 0.9365527021728001,
  "recall": 0.8535353535353535,
  "f1": 0.8928457998852244,
  "auc": 0.9906599060556107,
  "feature_importances": {
    "Like_Rate": 0.06026908558202529,
    "Comment_Rate": 0.060508028996978006,
    "Share_Rate": 0.10182039801906143,
    "Save_Rate": 0.062449938868009605,
    "Positive_Score": 0.015025793760556681,
    "Views_Per_Hour": 0.6999267547733691
  },
  "samples": 1815,
  "positive_ratio": 0.15041322314049588,
  "threshold_viral_velocity": 26271.67999999997,
  "trained_at": "2026-05-13T23:22:47.582646",
  "model_file": "rf_model.joblib"
}