{
  "accuracy": 0.9707988980716253,
  "precision": 0.9409814814814815,
  "recall": 0.8608080808080807,
  "f1": 0.8987388250310093,
  "auc": 0.9899485581377314,
  "feature_importances": {
    "Like_Rate": 0.058404631060352846,
    "Comment_Rate": 0.060387789521120935,
    "Share_Rate": 0.09810511667524303,
    "Save_Rate": 0.056494196950779736,
    "Positive_Score": 0.01577255951504096,
    "Views_Per_Hour": 0.7108357062774625
  },
  "samples": 1815,
  "positive_ratio": 0.15041322314049588,
  "threshold_viral_velocity": 26271.67999999997,
  "trained_at": "2026-05-13T18:56:22.594352",
  "model_file": "rf_model.joblib"
}