{
  "accuracy": 0.9687719501930167,
  "precision": 0.9430209006679593,
  "recall": 0.8429487179487178,
  "f1": 0.8894014942234121,
  "auc": 0.9930414839271341,
  "feature_importances": {
    "Like_Rate": 0.08457537168574764,
    "Comment_Rate": 0.04786145198203097,
    "Share_Rate": 0.10874023837164812,
    "Save_Rate": 0.07250188171736481,
    "Positive_Score": 0.01232621631996065,
    "Views_Per_Hour": 0.6739948399232478
  },
  "samples": 1313,
  "positive_ratio": 0.15003808073115005,
  "threshold_viral_velocity": 27048.600000000002,
  "trained_at": "2026-05-19T18:58:34.808458",
  "model_file": "rf_model.joblib"
}