{
  "accuracy": 0.9702213279678069,
  "precision": 0.9280769465276506,
  "recall": 0.8684684684684685,
  "f1": 0.8971458402287068,
  "auc": 0.9949609106938946,
  "feature_importances": {
    "Like_Rate": 0.06297635866377586,
    "Comment_Rate": 0.05339851325742968,
    "Share_Rate": 0.105352420308333,
    "Save_Rate": 0.05072078429767263,
    "Positive_Score": 0.0,
    "Views_Per_Hour": 0.7275519234727889
  },
  "samples": 2485,
  "positive_ratio": 0.1501006036217304,
  "threshold_viral_velocity": 11608.820000000025,
  "trained_at": "2026-06-10T19:32:23.092762",
  "model_file": "rf_model.joblib"
}