{
  "accuracy": 0.9757558915073365,
  "precision": 0.9512230280631577,
  "recall": 0.8846153846153847,
  "f1": 0.916067817715518,
  "auc": 0.9962582666202575,
  "feature_importances": {
    "Like_Rate": 0.06074084957675516,
    "Comment_Rate": 0.04693299958181878,
    "Share_Rate": 0.1033831672401345,
    "Save_Rate": 0.0513643141350054,
    "Positive_Score": 0.0,
    "Views_Per_Hour": 0.7375786694662863
  },
  "samples": 2599,
  "positive_ratio": 0.15005771450557906,
  "threshold_viral_velocity": 12665.559999999989,
  "trained_at": "2026-06-08T19:18:50.679043",
  "model_file": "rf_model.joblib"
}