{
  "accuracy": 0.9616513761467891,
  "precision": 0.9339285714285716,
  "recall": 0.8066176470588236,
  "f1": 0.8633518363357073,
  "auc": 0.9874802340290956,
  "feature_importances": {
    "Like_Rate": 0.08247581105978095,
    "Comment_Rate": 0.0655440429586299,
    "Share_Rate": 0.15443693116179333,
    "Save_Rate": 0.06250940549218535,
    "Positive_Score": 0.0,
    "Views_Per_Hour": 0.6350338093276104
  },
  "samples": 548,
  "positive_ratio": 0.15145985401459855,
  "threshold_viral_velocity": 10697.21,
  "trained_at": "2026-06-23T19:08:19.071883",
  "model_file": "rf_model.joblib"
}