{
  "accuracy": 0.9672811059907833,
  "precision": 0.9281994256191576,
  "recall": 0.8496037296037295,
  "f1": 0.8865511737564777,
  "auc": 0.9931277577141839,
  "feature_importances": {
    "Like_Rate": 0.0631488252120139,
    "Comment_Rate": 0.05102376495519183,
    "Share_Rate": 0.12305366187146982,
    "Save_Rate": 0.04924109373779006,
    "Positive_Score": 0.0,
    "Views_Per_Hour": 0.7135326542235344
  },
  "samples": 2170,
  "positive_ratio": 0.15023041474654378,
  "threshold_viral_velocity": 10503.209999999983,
  "trained_at": "2026-06-13T18:05:57.915182",
  "model_file": "rf_model.joblib"
}