{
  "accuracy": 0.9626388104648974,
  "precision": 0.914329788252202,
  "recall": 0.8321008403361345,
  "f1": 0.8689510099774352,
  "auc": 0.9902120980260236,
  "feature_importances": {
    "Like_Rate": 0.09178528244234473,
    "Comment_Rate": 0.04635836622818559,
    "Share_Rate": 0.0825718454248003,
    "Save_Rate": 0.04772585328190089,
    "Positive_Score": 0.015371823959125935,
    "Views_Per_Hour": 0.7161868286636426
  },
  "samples": 1151,
  "positive_ratio": 0.15030408340573415,
  "threshold_viral_velocity": 18534.75,
  "trained_at": "2026-05-22T18:52:04.871018",
  "model_file": "rf_model.joblib"
}