{
  "accuracy": 0.9489568028210403,
  "precision": 0.9092307692307692,
  "recall": 0.7384615384615385,
  "f1": 0.8090234327076432,
  "auc": 0.983919413919414,
  "feature_importances": {
    "Like_Rate": 0.07263691468414742,
    "Comment_Rate": 0.07978527127826572,
    "Share_Rate": 0.19564027257217229,
    "Save_Rate": 0.06859335397347789,
    "Positive_Score": 0.0,
    "Views_Per_Hour": 0.5833441874919367
  },
  "samples": 412,
  "positive_ratio": 0.15048543689320387,
  "threshold_viral_velocity": 12196.949999999993,
  "trained_at": "2026-06-24T18:31:19.784044",
  "model_file": "rf_model.joblib"
}