{
  "accuracy": 0.9370872908186341,
  "precision": 0.8633116883116883,
  "recall": 0.7000000000000001,
  "f1": 0.7680672268907563,
  "auc": 0.9717418546365912,
  "feature_importances": {
    "Like_Rate": 0.07560895532664581,
    "Comment_Rate": 0.08409604040823743,
    "Share_Rate": 0.18708399565746378,
    "Save_Rate": 0.075249214632627,
    "Positive_Score": 0.0,
    "Views_Per_Hour": 0.577961793975026
  },
  "samples": 334,
  "positive_ratio": 0.1497005988023952,
  "threshold_viral_velocity": 8937.862500000001,
  "trained_at": "2026-06-25T19:05:28.760359",
  "model_file": "rf_model.joblib"
}