{
  "accuracy": 0.9450000000000001,
  "precision": 0.9314285714285713,
  "recall": 0.7,
  "f1": 0.7834032634032634,
  "auc": 0.9901960784313726,
  "feature_importances": {
    "Like_Rate": 0.08054101900454588,
    "Comment_Rate": 0.04656228404728058,
    "Share_Rate": 0.18358518835526214,
    "Save_Rate": 0.09525163869241783,
    "Positive_Score": 0.0,
    "Views_Per_Hour": 0.5940598699004936
  },
  "samples": 200,
  "positive_ratio": 0.15,
  "threshold_viral_velocity": 8211.788500000004,
  "trained_at": "2026-06-27T17:58:27.204314",
  "model_file": "rf_model.joblib"
}