{
  "accuracy": 0.9714197120708749,
  "precision": 0.9381897739243173,
  "recall": 0.8673429951690823,
  "f1": 0.901297659838157,
  "auc": 0.9923925431585676,
  "feature_importances": {
    "Like_Rate": 0.07167975550684431,
    "Comment_Rate": 0.04943156272618771,
    "Share_Rate": 0.11891302890596474,
    "Save_Rate": 0.053448028105015546,
    "Positive_Score": 0.0,
    "Views_Per_Hour": 0.7065276247559876
  },
  "samples": 1504,
  "positive_ratio": 0.1502659574468085,
  "threshold_viral_velocity": 12002.944999999998,
  "trained_at": "2026-06-15T20:27:37.775863",
  "model_file": "rf_model.joblib"
}