{
  "accuracy": 0.9691437446581688,
  "precision": 0.930697093950753,
  "recall": 0.86,
  "f1": 0.8927750394736031,
  "auc": 0.9939906986380539,
  "feature_importances": {
    "Like_Rate": 0.09593362908555013,
    "Comment_Rate": 0.038196762046029765,
    "Share_Rate": 0.1326894110201062,
    "Save_Rate": 0.0531447488719186,
    "Positive_Score": 0.00845246267623337,
    "Views_Per_Hour": 0.6715829863001619
  },
  "samples": 2333,
  "positive_ratio": 0.15002143163309045,
  "threshold_viral_velocity": 9531.414000000006,
  "trained_at": "2026-05-29T19:31:41.411232",
  "model_file": "rf_model.joblib"
}