{
  "accuracy": 0.9642153118748864,
  "precision": 0.933026113671275,
  "recall": 0.8233333333333335,
  "f1": 0.8728725448872418,
  "auc": 0.9903540719470367,
  "feature_importances": {
    "Like_Rate": 0.08735969525248143,
    "Comment_Rate": 0.061835589325104655,
    "Share_Rate": 0.12174062490706737,
    "Save_Rate": 0.052495060385959455,
    "Positive_Score": 0.0,
    "Views_Per_Hour": 0.6765690301293871
  },
  "samples": 1174,
  "positive_ratio": 0.14991482112436116,
  "threshold_viral_velocity": 12023.329999999996,
  "trained_at": "2026-06-17T19:22:48.072210",
  "model_file": "rf_model.joblib"
}