{
  "accuracy": 0.9716387726638771,
  "precision": 0.9394957983193277,
  "recall": 0.8666666666666666,
  "f1": 0.9008455008123608,
  "auc": 0.9940391003144553,
  "feature_importances": {
    "Like_Rate": 0.09480122670633971,
    "Comment_Rate": 0.04974110316024918,
    "Share_Rate": 0.08743462460464237,
    "Save_Rate": 0.07316213235832614,
    "Positive_Score": 0.013475196999349624,
    "Views_Per_Hour": 0.6813857161710931
  },
  "samples": 1199,
  "positive_ratio": 0.1501251042535446,
  "threshold_viral_velocity": 23688.159999999993,
  "trained_at": "2026-05-21T18:57:56.408404",
  "model_file": "rf_model.joblib"
}