{
  "accuracy": 0.9636563279857396,
  "precision": 0.9210733524178902,
  "recall": 0.8292606516290727,
  "f1": 0.8726104874050563,
  "auc": 0.9912504334736211,
  "feature_importances": {
    "Like_Rate": 0.06704835549392489,
    "Comment_Rate": 0.0559882755035756,
    "Share_Rate": 0.130805384078887,
    "Save_Rate": 0.05765903402155021,
    "Positive_Score": 0.0,
    "Views_Per_Hour": 0.6884989509020624
  },
  "samples": 1871,
  "positive_ratio": 0.15018706574024585,
  "threshold_viral_velocity": 11234.3,
  "trained_at": "2026-06-14T18:10:10.898190",
  "model_file": "rf_model.joblib"
}