{
  "accuracy": 0.975,
  "precision": 0.9404757560196957,
  "recall": 0.8904761904761905,
  "f1": 0.9143622007612222,
  "auc": 0.9960334133653461,
  "feature_importances": {
    "Like_Rate": 0.06252343248394265,
    "Comment_Rate": 0.044399762102329925,
    "Share_Rate": 0.12393312591558157,
    "Save_Rate": 0.056380104107917696,
    "Positive_Score": 0.0004353425298717718,
    "Views_Per_Hour": 0.7123282328603563
  },
  "samples": 2800,
  "positive_ratio": 0.15,
  "threshold_viral_velocity": 12021.855000000007,
  "trained_at": "2026-06-05T18:58:05.686675",
  "model_file": "rf_model.joblib"
}