{
  "accuracy": 0.964288245194437,
  "precision": 0.9235084838533114,
  "recall": 0.83125,
  "f1": 0.8745997544120678,
  "auc": 0.9895835251688153,
  "feature_importances": {
    "Like_Rate": 0.08348112647878779,
    "Comment_Rate": 0.07683255613286179,
    "Share_Rate": 0.1143592765355862,
    "Save_Rate": 0.051484441495043345,
    "Positive_Score": 0.0,
    "Views_Per_Hour": 0.6738425993577208
  },
  "samples": 1064,
  "positive_ratio": 0.15037593984962405,
  "threshold_viral_velocity": 12133.999999999998,
  "trained_at": "2026-06-18T19:24:14.642086",
  "model_file": "rf_model.joblib"
}